URL,Date
https://www.mightydogroofing.com/central-florida/,
https://www.mightydogroofing.com/central-florida/contact,
https://www.mightydogroofing.com/central-florida/about,
https://www.mightydogroofing.com/central-florida/siding,
https://www.mightydogroofing.com/central-florida/windows,
https://www.mightydogroofing.com/central-florida/gutters,
https://www.mightydogroofing.com/lakeland-florida,
https://www.mightydogroofing.com/kissimmee-florida,
https://www.mightydogroofing.com/polk-city-florida,
https://www.mightydogroofing.com/davenport-florida,
https://www.mightydogroofing.com/auburndale-florida,
https://www.mightydogroofing.com/haines-city-florida,
https://www.mightydogroofing.com/gibsonia-florida,
https://www.mightydogroofing.com/winter-haven-florida,
https://www.mightydogroofing.com/bartow-florida,
https://www.mightydogroofing.com/socrum-florida,
https://www.mightydogroofing.com/st-cloud-florida,
